contract_address,from,to
0x82af49447d8a07e3bd95bd0d56f35241523fbab1,1630449988,1651296238
0xd4d42f0b6def4ce0383636770ef773390d85c61a,1630494954,1651204663
0x4e352cf164e64adcbad318c3a1e222e9eba4ce42,1631429413,1651269367
0xfa7f8980b0f1e64a2062791cc3b0871572f1f7f0,1630449988,1651280612
0x155f0dd04424939368972f4e1838687d6a831151,1630462484,1638606620
0x2f2a2543b76a4166549f7aab2e75bef0aefc5b0f,1630514011,1651294953
0xed3fb761414da74b74f33e5c5a1f78104b188dfc,1631214037,1649262448
0xfc5a1a6eb076a2c7ad06ed22c90d7e710e35ad0a,1630935123,1651292639
0xf97f4df75117a78c1a5a0dbb814af92458539fb4,1630514187,1651284106
0xfd086bc7cd5c481dcc9c85ebe478a1c0b69fcbb9,1630453514,1651293299
0xff970a61a04b1ca14834a43f5de4533ebddb5cc8,1630460003,1651296238
0x11cdb42b0eb46d95f990bedd4695a6e3fa034978,1630454628,1651247271
0x031d35296154279dc1984dcd93e392b1f946737b,1631504424,1644506482
0x0e15258734300290a651fdbae8deb039a8e7a2fa,1631617945,1632057843
0x040d1edc9569d4bab2d15287dc5a4f10f56a56b8,1630521766,1651290429
0x23a941036ae778ac51ab04cea08ed6e2fe103614,1631468527,1651285483
0xfea7a6a0b346362bf88a9e4a88416b77a57d6c2a,1631680080,1651263559
0x7f90122bf0700f9e7e1f688fe926940e8839f353,1631627729,1651247271
0xbf7e49483881c76487b0989cd7d9a8239b20ca41,1631627729,1648202154
0x59745774ed5eff903e615f5a2282cae03484985a,1634641213,1650065238
0xda10009cbd5d07dd0cecc66161fc93d7c9000da1,1632390866,1651296348
0x905dfcd5649217c42684f23958568e533c711aa3,1630528478,1651204853
0x3221022e37029923ace4235d812273c5a42c322d,1630496250,1648897857
0x6c2c06790b3e3e3c38e12ee22f8183b37a13ee55,1633798348,1651288363
0x32eb7902d4134bf98a28b963d26de779af92a212,1633804420,1651288185
0x7418f5a2621e13c05d1efbd71ec922070794b90a,1633804682,1651242563
0x0c1cf6883efa1b496b01f654e247b9b419873054,1633830365,1651242151
0x51fc0f6660482ea73330e414efd7808811a57fa2,1641080978,1650818677
0x64343594ab9b56e99087bfa6f2335db24c2d1f17,1644389627,1651292291
0xa684cd057951541187f288294a1e1c2646aa2d24,1643667026,1651171215
0xc61ff48f94d801c1ceface0289085197b5ec44f0,1644389818,1648856355
0x59bf0545fca0e5ad48e13da269facd2e8c886ba4,1644390121,1649415477
0x17fc002b466eec40dae837fc4be5c67993ddbd6f,1634671021,1651284384
0x10393c20975cf177a3513071bc110f7962cd67da,1643546758,1651268070
0xa6efc26daa4bb2b9bf5d23a0bc202a2badc2b59e,1644150573,1650774477
0x4277f8f2c384827b5273592ff7cebd9f2c1ac258,1630514033,1651032880
0x4e971a87900b931ff39d1aad67697f49835400b6,1630514033,1651032880
0x1addd80e6039594ee970e5872d247bf0414c8903,1630514033,1651032880
0x892785f33cdee22a30aef750f285e18c18040c3e,1648120486,1651245699
0x539bde0d7dbd336b79148aa742883198bbf60342,1635261634,1651297461
0xb7e50106a5bd3cf21af210a755f9c8740890a8c9,1635262337,1651005905
0x8d9ba570d6cb60c7e3e0f31343efe75ab8e65fb1,1638848071,1651260860
0x3e6648c5a70a150a88bce65f4ad4d506fe15d2af,1632175311,1651095908
0x10010078a54396f62c96df8532dc2b4847d47ed3,1632506168,1651113311
0x965772e0e9c84b6f359c8597c891108dcf1c5b1a,1632667068,1651253556
0xc2f082d33b5b8ef3a7e3de30da54efd3114512ac,1632669259,1651238036
0xb965029343d55189c25a7f3e0c9394dc0f5d41b1,1632035509,1651036986
0x5ced962afbfb7e13fb215defc2b027678237aa3a,1632035972,1648694936
0xe50fa9b3c56ffb159cb0fca61f5c9d750e8128c8,1647762226,1651245003
0xfccf3cabbe80101232d343252614b6a3ee81c989,1647762353,1651245166
0xf42ae1d54fd613c9bb14810b0588faaa09a426ca,1630935334,1651254835
0x908c4d94d34924765f1edc22a1dd098397c59dd4,1626960009,1651243063
0x4d268a7d4c16ceb5a606c173bd974984343fea13,1626959666,1651243063
0xd2d1162512f927a7e282ef43a362659e4f2a728f,1626960009,1651251096
0x35247165119b69a40edd5304969560d0ef486921,1627028158,1651251096
0xb13e3999e7e3616ed9777b7c4daab499df9c238d,1631740210,1644883027
0x8f93eaae544e8f5eb077a1e09c1554067d9e2ca8,1632179732,1645427321
0xa741b03224a8d80fcb8f02c5aa604e264662b3b9,1644330158,1648204250
0xe0a6f975575ef2b8a3fd6fdea86e3520a643e42f,1644330960,1648204250
0xdecc27dd0230c29e4a385acee717cb305a989975,1644332468,1648204250
0xf466a566f6b7145d0e79b3961422b40111623fd0,1649991608,1649991608
0xd3f1da62cafb7e7bc6531ff1cef6f414291f03d3,1648674796,1651296238
0x73ad4e910eb472229b557b52e37bc136f983a955,1630639774,1649166465
0x48422a133501f0a3a542905f31167c198129a828,1630639774,1649166510
0x69eb4fa4a2fbd498c257c57ea8b7655a2559a581,1633218786,1650033177
0x1e90b696e07d0b8c79840baf61e07ee0d894dbbf,1649167025,1649170244
0xb6cfcf89a7b22988bfc96632ac2a9d6dab60d641,1647634031,1651219456
0x6694340fc020c5e6b96567843da2df01b2ce1eb6,1647644952,1651219456
0x0907064c89b4a717ac33cad36318ae0161e58e9e,1631713949,1651255516
0x17933112e9780abd0f27f2b7d9dda9e840d43159,1631347168,1643460764
0x64541216bafffeec8ea535bb71fbc927831d0595,1630501982,1651254980
0x3393cd223f59f32cc0cc845de938472595ca48a1,1631347704,1647762415
0x9be7de742865d021c0e8fb9d64311b2c040c1ec1,1632366358,1632742010
0x1533a3278f3f9141d5f820a184ea4b017fce2382,1632710865,1651070255
0x6f620ec89b8479e97a6985792d0c64f237566746,1641636090,1647763521
0x09ad12552ec45f82be90b38dfe7b06332a680864,1631664148,1651189913
0xec70dcb4a1efa46b8f2d97c310c9c4790ba5ffa8,1637447080,1651279412
0xb6dd51d5425861c808fd60827ab6cfbffe604959,1631680142,1644811042
0x70df9dd83be2a9f9fcc58dd7c00d032d007b7859,1631388465,1642011097
0xfa42da1bd08341537a44a4ca9d236d1c00a98b40,1631427478,1632889251
0xf9b74fc68e7bc617d519f70f1c0819ccc5ffcfcb,1631560108,1631598686
0x2cabc2e7f38675fc757ed239b717a4eff5193e19,1631668797,1631842315
0x2c852d3334188be136bfc540ef2bb8c37b590bad,1631764116,1634605161
0xdbf31df14b66535af65aac99c32e9ea844e14501,1631779062,1649414815
0xde903e2712288a1da82942dddf2c20529565ac30,1631391628,1651080371
0xa66b20912cbea522278f3056b4ae60d0d3ee271b,1631753623,1645642409
0xbb6121d3c929360ade1c1d4b515cf5c2fc331fc2,1631437335,1632556580
0x7864ba11676b8cc286a7367b3cfd504968920b3a,1631433360,1631770004
0xcb0e5bfa72bbb4d16ab5aa0c60601c438f04b4ad,1630489555,1639082214
0x9f20de1fc9b161b34089cbeae888168b44b03461,1632523148,1650981924
0x30df229cefa463e991e29d42db0bae2e122b2ac7,1632410189,1648120271
0xa32329952c857fbc707b4d2ad5901ddb93bfef9f,1632556807,1644079022
0x9cae10143d7316df417413c43b79fb5b44fa85e2,1633001065,1643292531
0x973b669ef8c1459f7cb685bf7d7bcd4150977504,1632990983,1638426085
0x94feade0d3d832e4a05d459ebea9350c6cdd3bca,1633022328,1643292597
0xda2307a45d298e855415675bf388e2bd64351d5b,1634179102,1643314972
0xff3cf3142632f25e9ce363a66ccef247ddba3261,1638918849,1638918966
0xaa5bd49f2162ffdc15634c87a77ac67bd51c6a6d,1638942722,1647424948
0x376020c5b0ba3fd603d7722381faa06da8078d8a,1641403752,1650942955
0x61f95b38f880a6c5a4b7dd15560d7bb8b3e36f35,1642287857,1646640975
0xfcd8570ad81e6c77b8d252bebeba62ed980bd64d,1632886389,1643626794
0xf191d17dee9943f06bb784c0492805280aee0bf9,1641257109,1643626794
0x607312a5c671d0c511998171e634de32156e69d0,1634325924,1650942196
0xc3bae38bfa2cbbe30f442649070408f484bd5882,1646642449,1646642449
0xe4e02d69dfacc482dbfbcb4f5f173bc378422717,1630871314,1650996567
0xa9e1aeff84b76b22ca388d729c3c349f18e78594,1631400409,1640051110
0x1a7bd9edc36fb2b3c0852bcd7438c2a957fd7ad5,1630613635,1636062519
0xa9ef69cac80488ef05926023421214c98f22105d,1630696524,1633792328
0x955b9fe60a5b5093df9dc4b1b18ec8e934e77162,1630496849,1639336398
0xda7c0de432a9346bb6e96ac74e3b61a36d8a77eb,1636439389,1650065271
0x7e141940932e3d13bfa54b224cb4a16510519308,1635209617,1645145764
0x739ca6d71365a08f584c8fc4e1029045fa8abc4b,1634777903,1639716191
0xdb96f8efd6865644993505318cc08ff9c42fb9ac,1635298200,1646064259
0xc45c51d423f5e2ad2e946e45d9ec7dcf04f9bd39,1635304201,1646064259
0xe6d557d416ff5640235119369c7e26aa18a906d7,1638324833,1646027933
0x1622bf67e6e5747b81866fe0b85178a93c7f86e3,1638345374,1648921453
0x631e77a55a6ddf7b9a95d5a1a1bcab6d938c6747,1630518577,1650272817
0x403b1405d8caffc1cc5032cc82aa135d2481d0cf,1631801178,1633071898
0x828ec866fa3c4b2dcd6bbe7f2b5c147514936aa8,1631804048,1636723430
0xc3ae0333f0f34aa734d5493276223d95b8f9cb37,1631808378,1636742938
0x9f6524b4b2e0984ca1de6654efae6c81b3e08046,1631808643,1642791013
0x8e0b8c8bb9db49a46697f3a5bb8a308e744821d2,1631621762,1650805153
0x97e2768e8e73511ca874545dc5ff8067eb19b787,1631621762,1650805091
0x4591890225394bf66044347653e112621af7ddeb,1632037466,1641842668
0xa0b862f60edef4452f25b4160f177db44deb6cf1,1632651355,1650875662
0x4a3a22a3e7fee0ffbb66f1c28bfac50f75546fc7,1632651578,1641064742
0x8e93d85afa9e6a092676912c3eb00f46c533a07c,1632827866,1641842745
0xbfa641051ba0a0ad1b0acf549a89536a0d76472e,1634067778,1651033706
0xcc65a812ce382ab909a11e434dbf75b34f1cc59d,1630942594,1651227856
0xee9801669c6138e84bd50deb500827b776777d28,1634323875,1636997835
0x2a8104c4e5e0ccaccd84e3ab0f463fbaa7498981,1634324619,1636997808
0xd45c3a746a22016b2ac77210bdc1cbde2b1aeee6,1631805951,1649640057
0x0c2153e8ae4db8233c61717cdc4c75630e952561,1636051558,1638121394
0x3c6bd88cdd2aecf466e22d4ed86db6b8953fdb72,1639067939,1640006421
0x3405a1bd46b85c5c029483fbecf2f3e611026e45,1632182409,1651158229
0x69f012e4dd7c2dd75cd02ccb239e42642647e0cd,1632895263,1633151063
0xb68c0d092842a4a0272867d89245fcd7e7fca3eb,1634405463,1643437600
0x7ebd8a1803ce082d4de609c0aa0813dd842bd4db,1641157209,1641157324
0x5441090c0401ee256b09deb35679ad175d1a0c97,1632141476,1635216126
0xe8ee01ae5959d3231506fcdef2d5f3e85987a39c,1644150810,1651142348
0x60d01ec2d5e98ac51c8b4cf84dfcce98d527c747,1648547944,1651200895
0x794baab6b878467f93ef17e2f2851ce04e3e34c8,1648549244,1651200895
0x326c33fd1113c1f29b35b4407f3d6312a8518431,1650170846,1650253452
0xb0ae108669ceb86e9e98e8fe9e40d98b867855fd,1651133814,1651134764
0x75a2f30929c539e7d4ee033c9331b89f879c0cf7,1635311177,1646258495
0x64081252c497fcfec247a664e9d10ca8ed71b276,1638635324,1651237377
0xbf719d56c5f19ae0833adc4080befc48a9b415b5,1639333939,1650229441
0x10abb8410a0d583d3e4c27d58d4a79eb67f1937e,1638999434,1638999434
0xca09962e40e2551e998940467da588a4b31b2de5,1638999521,1638999521
0xb31d395eab8f5bffe23358b45251d5ca1471a05e,1638999845,1639524723
0x4e3985931aa4ce680a506f5b7302f670ec97428f,1636260013,1650382902
0xcb0bf10efccc2c784e9725461b30ef7db963d5f3,1641572621,1641572621
0x662d0f9ff837a51cf89a1fe7e0882a906dac08a3,1643640271,1648053557
0x6936c049b886305c88142dc98c5e9b318d1ae6bc,1643682399,1643682399
0xf7428ffcb2581a2804998efbb036a43255c8a8d3,1636112431,1644864230
0xf018865b26ffab9cd1735dcca549d95b0cb9ea19,1645894039,1648262446
0xb88c4f032a0804dbf781ab8269455992b112f7cc,1648658829,1648658829
0x3d7ccdfc35a2ffe9d7281054a23440f77cd16338,1648658916,1648991862
0xdf7431fe8b68bf78cd4c70b134d05705f159de09,1648659397,1648659397
0xefe9519b1c6a0bc7962146819d58e875b2745a23,1648659567,1648659567
0x8f21f3d76dd92c78d6310fa7cb1081c515466ccf,1648660003,1648660003
0xec3aac4e417131d5527f33131d87ac6be693baaa,1648660186,1648660186
0x2adabd6e8ce3e82f52d9998a7f64a90d294a92a4,1646028039,1648921409
0x1922c36f3bc762ca300b4a46bb2102f84b1684ab,1648739078,1648739078
0xbf00759d7e329d7a7fa1d4dcdc914c53d1d2db86,1632586892,1648494935
0x625e7708f30ca75bfd92586e17077590c60eb4cd,1648364327,1650903098
0x8e15a22853a0a60a0fbb0d875055a8e66cff0235,1633370594,1647888869
0xc9c2b86cd4cdbab70cd65d22eb044574c3539f6c,1633979768,1651211897
0x80514cfb7cb438f1f997ab62ffd1314c1a1c0f12,1633798667,1644811042
0x46ae9bab8cea96610807a275ebd36f8e916b5c61,1636489939,1650065138
0x68f5d998f00bb2460511021741d098c05721d8ff,1633964268,1650065105
0x2cab3abfc1670d1a452df502e216a66883cdf079,1645115915,1645738808
0x07db98358d58ba9be90cd0a18cd86af807ac3b4e,1632740342,1641671269
0x65e17c52128396443d4a9a61eacf0970f05f8a20,1632885688,1649905170
0x149f3ddeb5ff9be7342d07c35d6da19df3f790af,1633312641,1641670581
0x4d622c1f40a83c6fa2c0e441ae393e6de61e7dd2,1633574538,1643580956
0x199070ddfd1cfb69173aa2f7e20906f26b363004,1634685164,1651242563
0x79f12596b78f9e982bdab6e2d83d4bc155672372,1635300914,1643298216
0x97513e975a7fa9072c72c92d8000b0db90b163c5,1631727048,1631727103
0xc5ffd083b983aaf823a9b485b207f898ed2f32dc,1631998803,1636552761
0xf33b67b57f985ff61314f678856ba1e8ac4b1903,1632424538,1632445937
0xa8a07cbfa230d57d09141d50ee0a63f558b3deb8,1632539725,1632636803
0x07e49d5de43dda6162fa28d24d5935c151875283,1646582557,1651292131
0xc73d2191a1dd0a99b377272899a5569ed83f8cd8,1647444948,1649574867
0x3f56e0c36d275367b8c502090edf38289b3dea0d,1647254275,1651280873
0x3a8b787f78d775aecfeea15706d4221b40f345ab,1631722325,1632245474
0x995c235521820f2637303ca1970c7c044583df44,1632600255,1632600439
0x0f61b24272af65eacf6adfe507028957698e032f,1633194955,1633196867
0xf0a5717ec0883ee56438932b0fe4a20822735fba,1647926993,1647944066
0x55ff62567f09906a85183b866df84bf599a4bf70,1642274636,1651229592
0xd34cb69bef67bbdc1f66c1016d85df144d63488f,1631389124,1633549571
0x9d2f299715d94d8a7e6f5eaa8e654e8c74a988a7,1650483989,1651181750
0xaa846004dc01b532b63feaa0b7a0cb0990f19ed9,1631835254,1651296175
0x7d7e4f49a29dda8b1ecdcf8a8bc85edcb234e997,1631835254,1651296175
0x05a131b3cd23be0b4f7b274b3d237e73650e543d,1632017925,1651293299
0x85700dc0bfd128dd0e7b9ed38496a60bac698fc8,1632017925,1651293299
0x99c409e5f62e4bd2ac142f17cafb6810b8f0baae,1635968446,1651185657
0x78ab636351c1c5f117c1442b82d14ab3a92f8464,1644812486,1644812486
0xd295d690b9bf17bd217b94bc50c12729762c1862,1645093055,1649617639
0x354a6da3fcde098f8389cad84b0182725c6c91de,1630703177,1651021541
0xa6625f741400f90d31e39a17b0d429a92e347a60,1632146529,1648026061
0x8038f3c971414fd1fc220ba727f2d4a0fc98cb65,1632148940,1649064792
0x8a9f8b5334dacb052cd62797e2bdf68d89c0bfd8,1632149336,1649063397
0xebd7f3349aba8bb15b897e03d6c1a4ba95b55e31,1634842384,1642581434
0xb1c4426c86082d91a6c097fc588e5d5d8dd1f5a8,1639052944,1642693849
0xd7f3bf2085ad32ff95e1bcc408d37f10f6949270,1639053226,1642693760
0x0be790c83648c28ed285fee5e0bd79d1d57aae69,1641486331,1646909963
0x46573375eeda7979e19faeedd7ef2843047d9e0d,1645603467,1646909530
0x104f1459a2ffea528121759b238bb609034c2f01,1651238036,1651254980
0x49f4add038e2bf8af8b38f4909b34438cfc09b4c,1651238036,1651238036
0xcd43695e650d8f56405fe262190483bce774a8de,1633705123,1651163626
0xa72159fc390f0e3c6d415e658264c7c4051e9b87,1632911031,1651295424
0x2e9a6df78e42a30712c10a9dc4b1c8656f8f2879,1644599897,1645676173
0x77de4df6f2d87cc7708959bcea45d58b0e8b8315,1646384699,1648125424
0x6f6ba3571a607e62f4b7f722e019925269e90f5a,1631845373,1631897970
0x9416d2018d42c62f8e545c23d7483ec8cb377dfa,1631898776,1633802469
0xf3b87e78dcaa42ebfd309ab458df055f3776b045,1631899001,1631899212
0x31efa0ec18339845805cdf16dfb3a818f10e090f,1631476212,1650272817
0x38c0a5443c7427e65a9bf15ae746a28bb9a052cc,1633038110,1644086289
0xf581571dbcced3a59aaacbf90448e7b3e1704dcd,1633038110,1644086289
0xb28670b3e7ad27bd41fb5938136bf9e9cba90d65,1634422912,1649627535
0xb286b923a4ed32ef1eae425e2b2753f07a517708,1630502134,1630942433
0xf285108d3aa4dc9041364b64297979979a7ec7b9,1631442668,1633662363
0x78055daa07035aa5ebc3e5139c281ce6312e1b22,1632318402,1636622370
0x83ef9c33e91f23e748c7ab711fba140ab0ad6f27,1640427049,1640512302
0x608b8da26cf1dd94ae62bfe3798f808d65a51600,1640434195,1643106993
0x9c67ee39e3c4954396b9142010653f17257dd39c,1637726406,1640512813
0xecaf3149fda215e46e792c65dc0ab7399c2ea78b,1642304044,1646078836
0xb340b6b1a34019853cb05b2de6ee8ffd0b89a008,1645554070,1651141978
0x1779900c7707885720d39aa741f4086886307e9e,1646081188,1646261434
0x0adeb25cb5920d4f7447af4a0428072edc2cee22,1646081797,1651142049
0xdf1a6dd4e5b77d7f2143ed73074be26c806754c5,1644421403,1646082366
0x9ab3fd50fcae73a1aeda959468fd0d662c881b42,1648418503,1648418801
0x6a060a569e04a41794d6b1308865a13f27d27e53,1648418575,1648418905
0x0584aaccfaeba41c75b0adb27613057832fc6c56,1651141978,1651141978
0x4fd63966879300cafafbb35d157dc5229278ed23,1651142049,1651142049
0x515e252b2b5c22b4b2b6df66c2ebeea871aa4d69,1643457140,1648897777
0x7e435d80c2c75d58efd6f06938ace68f022af397,1631467400,1631517657
0x31a617e3e69ee41fcf61a354f8e50fc4953053c7,1631970336,1636194827
0x8fbd420956fdd301f4493500fd0bcaaa80f2389c,1633104228,1639828013
0xabe7ba4e4eeb7a423c20709ceb630530d2bf858c,1636030729,1639828013
0x3946a21b4e557cac35c02121208523fa87277162,1631583179,1650691557
0xf2bbffc7b14a3a6c772f5ff762ccd00edbbba06c,1631620716,1633381239
0x40c938444c725ea6eb6992ca71f94b6945b43335,1635553276,1635553573
0x15ca95964e6862c11c602d327cb0a866d87e3d97,1642726819,1642726819
0x8c874b0529874fdf2554ffc7e38197b52f706625,1642727168,1642727168
0xc7b29fe44e5b010b12be30b1c180b19a6a5fc539,1642738696,1642738696
0xac75a1a0c4933e6537eafb6af3d402f82a459389,1640758272,1643437106
0xe790c322d7657cc731800c0bcd22f801589e5567,1643688428,1643688428
0x025877ea4f13fa7d625c01e13e56e911b7e56003,1643688751,1643688751
0x676397b6e1a076416cc85acf9caeab04ae5e5e2c,1646191306,1646191306
0x2de5d1596376d201785e45e017733280e2f05d6a,1646191487,1646192489
0x75d8864bb3aca066583d611385d2c50ed9071357,1646191612,1648203128
0xa56a98f0ae3d8364ad3b39c81d09d0fc2a27bfe7,1646191672,1646192179
0x9d4e312c6d88eb11a4615fbc766909bcdefd09f1,1648858426,1648858426
0x452d25611f347a8e879c6b06932ee6fea6dce697,1648994092,1651227580
0xfee5f1c41b1caa23f62d3338e3543f5d1de1f27c,1649339675,1649339675
0x33ae3b1dfd395b136e8cbc6d77d041e4271acb8b,1650837119,1650837119
0xe71db7a96dab25cdb9f4cbc7f686da02192b0e88,1636125464,1651257800
0xd2696e995a2ef33c9b4a3c47f6aa2651beb48b21,1636195013,1647740674
0x7468a5d8e02245b00e8c0217fce021c70bc51305,1641374448,1641376351
0x667fd83e24ca1d935d36717d305d54fa0cac991c,1641060991,1642694675
0x3914067b379574efebe556f41c1619b526030bcb,1637318168,1637564771
0xe299f9f54ad069669eb438fdcd315ff8426e1c9b,1637320466,1637830092
0x946fde4f78d558994123d19215778fbef3656cf9,1646480767,1649505790
0x475b7d0e54294f0852b2989842130ec8d2623751,1646743094,1649505840
0xd5794ea7b269db3a0ccb396774cc2d0936ffbd86,1632707953,1640956256
0x0ce6c85cf43553de10fc56ceca0aef6ff0dd444d,1634598766,1649029882
0xb67c014fa700e69681a673876eb8bafaa36bff71,1632048963,1649029825
0xa4f595ba35161c9ffe3db8c03991b9c2cbb26c6b,1638731463,1638803127
0x6f5401c53e2769c858665621d22ddbf53d8d27c5,1644257948,1651248520
0x76de4762a2e6e8e71d4a58142b0fb242a2a73c84,1631469778,1631508563
0xfc88aa95fe7364beed9f81dfb6ff9956fab43a6e,1637113542,1637113542
0xaaccb989fe1084c6935f09ae4bbd49aff58bdb94,1635350073,1640336938
0xce786f1f3d3025fe4a64e37d28fa76311ff5253f,1635338343,1637177718
0x1382ecdf09507ba87022c79312dfafb2a5063d73,1635338423,1635778168
0x787f97748dade6ce8859e19d2b90d5cb6b59ee26,1635788445,1637177509
0x1ec62f8367ad3ff61c3f3b0ab1d0297a539062de,1636224908,1644073505
0x9e724698051da34994f281bd81c3e7372d1960ae,1638308655,1647198727
0x40eafec3c261f7e706289d3b3afef812a6ca10cd,1647198727,1647198727
0xd44ed8707b2ab0979ad61a0c237128cba4f2aeaf,1642861946,1642861946
0xf29411aedf9effdbddf6a7ccfb37e36bf98685c2,1632318625,1632321514
0xc0307afbae41ca45757703b0101d2a03fb9b7d08,1633006982,1633009747
0x5fa79721b2d966a34decea6f598d4ae3c1b6cc48,1633008114,1633009657
0x4e8df9c66f055940190eb6593d919bb5ba6558a9,1634583404,1635284864
0xf26c10811d602e39580c9448944ddae7b183fd95,1634277685,1648594828
0xeb6f8eebc83d85120f9299b84da558825685570e,1632835742,1650280146
0x25b98da55c1e4fe64f5632ec4e450fcf4a5eaff9,1631535409,1631821464
0x1e32b546aa6befabca3c6956060849b71acae1d8,1631725604,1643823682
0xe32cbb88e35aefe43d447f0635a84be214120d0c,1631725652,1632340545
0xed4de839da369ee4c7077b0358e21d9100506d71,1631821915,1632691279
0xdd9fdae46234a5cff95c40e87d8e06423a940547,1632074843,1639468026
0x3ea9b0ab55f34fb188824ee288ceaefc63cf908e,1632427476,1644445092
0xd70a52248e546a3b260849386410c7170c7bd1e9,1632427537,1644445076
0x6ee86e032173716a41818e6d6d320a752176d697,1633038202,1644086289
0x996616bde0cb4974e571f17d31c844da2bd177f8,1633260307,1635225260
0xcf3ae4b9235b1c203457e472a011c12c3a2fde93,1633021127,1645731540
0x75a2a05b8a21568f5e052b6bbcfb799624fb2d8e,1634061105,1637514439
0x080f6aed32fc474dd5717105dba5ea57268f46eb,1643834517,1649964328
0xf2ddf89c04d702369ab9ef8399edb99a76e951ce,1649415226,1649415335
0xa0459edcad5aac14dc32775d22ff7bd33027cac7,1648050284,1651218170
0x2ae1ef41cd23e3e77f75789e9393d8951705470f,1631467630,1632861358
0xa2886a1818dd25f40c8deb10ca29e96edcf6375c,1631468025,1631474222
0x3e01dd8a5e1fb3481f0f589056b428fc308af0fb,1631737643,1649588203
0xc2b1df84112619d190193e48148000e3990bf627,1631737643,1649588203
0x536fbccd358b8eda0aa905f4b93a39b46c5227d2,1647096190,1647799538
0xf52f079af080c9fb5afca57dde0f8b83d49692a9,1631835334,1637371094
0x8dc3312c68125a94916d62b97bb5d925f84d4ae0,1631835704,1633120029
0xae6aab43c4f3e0cea4ab83752c278f8debaba689,1632965606,1637370858
0xc817cbf988cc765f7d00f1e7cbe6e2194d1fa344,1637713340,1637721809
0xdae6c2a48bfaa66b43815c5548b10800919c993e,1634730684,1640982422
0xefb1f48a1a367a509ecef1578e5004d4013fc7a6,1635951295,1636349753
0xa75287d2f8b217273e7fcd7e86ef07d33972042e,1636185401,1651222031
0x2338a5d62e9a766289934e8d2e83a443e8065b83,1636349808,1636350004
0x239e14a19dff93a17339dcc444f74406c17f8e67,1646801492,1649256365
0x0c68cf21672f0d563ebd5f83a11cfeb514e008d0,1646114500,1648491790
0x82e3a8f066a6989666b031d916c43672085b1582,1630702883,1630702883
0xd495beb0011e3dfec0c93376f5216c1c3dd01c23,1635307774,1638718802
0x787452e31bf3be8b6d063eea14adbecd4c2f175f,1631545164,1631757083
0x3cd1833ce959e087d0ef0cb45ed06bffe60f23ba,1637452303,1637452367
0xfcc0351f3a1ff72409df66a7589c1f9efbf53386,1638171225,1639037203
0x2f800db57b67e7c5216e76590d45b9b0b0bd7dcb,1631649211,1631899548
0x39fb5888789d6953d45ba801dfa32789e8eb8f43,1631651005,1631711520
0xd1874620dbb0dad54edb44deba88c7abf73c6f1a,1631671109,1631719223
0xcd2744db83020e9133ce565b5b04576704883385,1631671638,1631672890
0x0a3fa9a2e25d0eff88a93387e3bcbf348e1046d6,1631671665,1631671665
0xb8ce0b33c04eed98c00ea8f873842c228f62e513,1631718341,1631718392
0xb18f081a886e354527394fee9ae08c47efdb8de0,1631718909,1631718909
0x8165c70b01b7807351ef0c5ffd3ef010cabc16fb,1631729381,1631729381
0x657a15ca9343ba71dc01b22dd30e4f88ff575cde,1631730611,1632495854
0x3c0c72339d90ddddd1ef3c1d2b09b2ba3045b997,1631731239,1631731239
0x6bc8004fde45c3671fb6f3bf1da7435a91067689,1631894292,1631894292
0x6976bfd10c8156d729aab30fd409e23bf13fc393,1631912022,1631912022
0x67e966754b909e6de3bf86c89df8359c908a28ba,1632495478,1632495662
0xc5662382ba2a5b4ea468107aa40a54cf3aa21ac2,1632614994,1632614994
0x18f9f09aa7cbd33f1e22f185518dd25da7bc1044,1632003082,1632366649
0xf5b3e987fbf552325dcf81418295384e44d0d59a,1638916285,1641670433
0xd786ca0a3f6caa22938cd751b905c39f84555bcb,1631392041,1631446369
0x26274e0db149c847df7a3cf1fde9e93522a42d72,1631397207,1631446369
0xdb298285fe4c5410b05390ca80e8fbe9de1f259b,1636561560,1647224589
0xd693ec944a85eeca4247ec1c3b130dca9b0c3b22,1636308661,1643523241
0x573a609384f40ae63e34890b9096177d571a56c2,1645241369,1645800468
0x81bf79c1d79496335ac821f5588be89548f85e60,1630618169,1630618169
0xa6219b4bf4b861a2b1c02da43b2af266186edc04,1631729571,1635226659
0x323efc77ce28613e4ac46a0d7a7e0779ad6163db,1631110193,1631139581
0x1c50751a54df214acda7bec2ef99c317898a12a2,1631548362,1631548362
0x876ec6be52486eeec06bc06434f3e629d695c6ba,1632500876,1641663018
0x5bc314fa0d62831b8d85a372068dbf3a637b6a1b,1631946990,1632540399
0x8007f6172d80e9ae26ea8fd3316586feb3c1b6a2,1631947038,1632540348
0x3920e5abc7b52b22028c3d856bb20fcb606eaeb1,1641700510,1642290653
0xc55482203d5242520f308e933df2df84fe4adab3,1650777502,1650777581
0x30f8627373634967f692c949092281cf8fb0327a,1637546502,1637546695
0x3cacdc222f8cd8d249e9a45ca4ad2aa381da2692,1639951609,1642960637
0x61a89d52c3b6e72d38804d74bc28f135419b9e54,1648722225,1648722225
0xca98f187545e1930d8b7b5967e5972324ff3ce4a,1650394166,1650831499
0xde31e75182276738b0c025daa8f80020a4f2fbfe,1630750728,1641005378
0x86a1012d437bbff84fbdf62569d12d4fd3396f8c,1631421532,1634704572
0xf5e3f64997dc94782735c00b5150038ce6ccbd5f,1631422628,1631486387
0x41f6c51f0ca52279380be89b4f7c1df082d30fed,1631183392,1631867402
0x39fad1c9dbda7623b22717f54407734d016a3bc9,1631486495,1634673888
0x28e18f15c147162faeb1e771260becb45bdf6bfc,1631657454,1634676733
0x541f00d41947ecc5f08f08d7d68833c3b1951186,1631818560,1637609539
0xfc1acf07202f6fac951947427b79284d86a965d2,1630754249,1639330909
0xa4373b079cf2689094c4cce148aa04948666a361,1634498642,1635992736
0x2c110867ca90e43d372c1c2e92990b00ea32818b,1634612272,1634612272
0xcb2f6a324edbad13e1b04673889def3ff9583a9c,1634861039,1639330940
0x69b2cd28b205b47c8ba427e111dd486f9c461b57,1635558145,1648497040
0xf2537009e97e409c16f7608885459a62f9eccc48,1632891430,1645298065
0x5375616bb6c52a90439ff96882a986d8fcdce421,1643634615,1644421200
0xd22a58f79e9481d1a88e00c343885a588b34b68b,1650960587,1650960587
0xf2982b6a5fd1d31493ceb4ba81cf393eef015dad,1634310998,1648912971
0x5eb68e97dbf992d353a781cc173bfb3b54914061,1630625263,1631113097
0x89450f6c7d7f2c5971e9ee28e94d8b199d17f673,1631435602,1631468787
0xb20a02dffb172c474bc4bda3fd6f4ee70c04daf2,1632201325,1632201874
0xdf6c5578242a3ffc915fbe89655aed370001973f,1631573609,1633028184
0x116172b2482c5dc3e6f445c16ac13367ac3fcd35,1644964914,1648595048
0xc8f47e595d1f9a1c200812d7bfaaf704301e7856,1631983692,1645801381
0x971413902fffa517456279aaf9f646ee4b11a8d9,1631983797,1641961950
0xfdadbc1a3528627ae9d9a1bfdae871a4e8e4b4ad,1632074055,1641357742
0x016069aab59cb9e25c496c82988ad34f70e75cbf,1632586540,1633740654
0xdc2d66044e894d0726570bdc03d2123ab8f2cd51,1633741059,1641385442
0x02edb9d53f6b9ce5a8213328d88ce0ffa8831606,1634052954,1635261295
0xe5eb0bd8858ab06667986c19769935eb86e0b562,1635261459,1635709663
0x292d1587a6bb37e34574c9ad5993f221d8a5616c,1644421200,1644421200
0x1616bf7bbd60e57f961e83a602b6b9abb6e6cafc,1631824470,1633043841
0x052814194f459af30edb6a506eabfc85a4d99501,1631824470,1633043533
0xa7e1d00f1dc94040a8aad3ad993589f3e39a6b7a,1631648811,1650993474
0xfbf2d455cebc6fff99b0acbf28bcbbd5a71c9f36,1631657980,1631772927
0x67b40388eaa52a973d768f3b35abc33fd3b0aaef,1639853541,1639853541
0xf985ca33b8b787599de77e4ccf2d0ecbf27d87d9,1641671870,1650304889
0xb41bd4c99da73510d9e081c5fadbe7a27ac1f814,1644696611,1644696887
0xfd60b1d9d1cb1fc124551382098dcc58613b311a,1631830345,1631830407
0xfb00ac187a8eb5afae4eace434f493eb62672df7,1650814665,1650814665
0x5575552988a3a80504bbaeb1311674fcfd40ad4b,1650816125,1651208602
0xd74f5255d557944cf7dd0e45ff521520002d5748,1650816593,1650816848
0xa815b134294580692482e321dd1a191ac1454192,1650816848,1651207679
0x12872ce4b8fcc02cbcc3266d11ef5135d8824a8f,1650942443,1650943094
0x86b3353387f560295a8fa7902679735e5f076bd5,1639827631,1642879797
0x391000047d120e1144f2c275f334979f38851a25,1639827732,1642879756
0xcf4f4f341b60587513b8fc01482237996c7e3fd3,1640376643,1641337723
0x6779eb2838f44300cb6025d17deb9f2e27cc9540,1643090100,1643090100
